,city,status,date,lat,lon
0,Ауце,occupied,1941-06-27,56.46111,22.89417
1,Ауце,rescued,1944-08-09,56.46111,22.89417
2,Ауце,occupied,1944-08-25,56.46111,22.89417
3,Ауце,rescued,1944-10-28,56.46111,22.89417
4,Ахтырка,occupied,1941-10-15,50.30743182793,34.901558718752
5,Ахтырка,rescued,1943-02-23,50.30743182793,34.901558718752
6,Ахтырка,occupied,1943-03-11,50.30743182793,34.901558718752
7,Ахтырка,rescued,1943-08-25,50.30743182793,34.901558718752
8,Барвенково,occupied,1941-10-24,48.906666666667,37.013055555556
9,Барвенково,rescued,1942-01-23,48.906666666667,37.013055555556
10,Барвенково,occupied,1942-05-18,48.906666666667,37.013055555556
11,Барвенково,rescued,1943-02-06,48.906666666667,37.013055555556
12,Барвенково,occupied,1943-02-28,48.906666666667,37.013055555556
13,Барвенково,rescued,1943-09-10,48.906666666667,37.013055555556
14,Белгород,occupied,1941-10-24,50.6,36.6
15,Белгород,rescued,1943-02-09,50.6,36.6
16,Белгород,occupied,1943-03-18,50.6,36.6
17,Белгород,rescued,1943-08-05,50.6,36.6
18,Богодухов,occupied,1941-10-16,50.16083,35.51639
19,Богодухов,rescued,1943-02-17,50.16083,35.51639
20,Богодухов,occupied,1943-03-11,50.16083,35.51639
21,Богодухов,rescued,1943-08-07,50.16083,35.51639
22,Борщёв,occupied,1941-07-08,48.802385274006,26.040006814608
23,Борщёв,rescued,1944-03-23,48.802385274006,26.040006814608
24,Борщёв,occupied,1944-03-31,48.802385274006,26.040006814608
25,Борщёв,rescued,1944-04-06,48.802385274006,26.040006814608
26,Бучач,occupied,1941-07-05,49.064791704796,25.387276171375
27,Бучач,rescued,1944-03-24,49.064791704796,25.387276171375
28,Бучач,occupied,1944-04-06,49.064791704796,25.387276171375
29,Бучач,rescued,1944-07-21,49.064791704796,25.387276171375
30,Валки,occupied,1941-10-19,49.5019,35.3718
31,Валки,rescued,1943-02-25,49.5019,35.3718
32,Валки,occupied,1943-03-07,49.5019,35.3718
33,Валки,rescued,1943-09-16,49.5019,35.3718
34,Великие Луки,occupied,1941-07-19,56.21,30.31
35,Великие Луки,rescued,1941-07-21,56.21,30.31
36,Великие Луки,occupied,1941-08-25,56.21,30.31
37,Великие Луки,rescued,1943-01-17,56.21,30.31
39,Вилкавишкис,rescued,1944-08-02,54.66667,23.03333
40,Вилкавишкис,occupied,1944-08-09,54.66667,23.03333
41,Вилкавишкис,rescued,1944-08-17,54.66667,23.03333
42,Волчанск,occupied,1941-10-31,50.1717,36.5646
43,Волчанск,rescued,1941-11-12,50.1717,36.5646
44,Волчанск,occupied,1942-07-11,50.1717,36.5646
45,Волчанск,rescued,1943-02-09,50.1717,36.5646
46,Гадяч,occupied,1941-09-27,50.371080026273,33.989054884479
47,Гадяч,rescued,1943-02-26,50.371080026273,33.989054884479
48,Гадяч,occupied,1943-03-01,50.371080026273,33.989054884479
49,Гадяч,rescued,1943-09-11,50.371080026273,33.989054884479
50,Гайсин,occupied,1941-07-25,48.80944,29.39056
51,Гайсин,rescued,1943-11-18,48.80944,29.39056
52,Гайсин,occupied,1943-11-19,48.80944,29.39056
53,Гайсин,rescued,1944-03-14,48.80944,29.39056
54,Городенка,occupied,1941-07-05,48.6675,25.50028
55,Городенка,rescued,1944-03-25,48.6675,25.50028
56,Городенка,occupied,1941-07-10,48.6675,25.50028
57,Городенка,rescued,1943-12-24,48.6675,25.50028
58,Городенка,occupied,1941-06-30,48.6675,25.50028
59,Городенка,rescued,1944-07-27,48.6675,25.50028
60,Горохов,occupied,1941-06-24,50.2958,24.4554
61,Горохов,rescued,1944-04-02,50.2958,24.4554
62,Горохов,occupied,1944-04-06,50.2958,24.4554
63,Горохов,rescued,1944-07-13,50.2958,24.4554
64,Горское,occupied,1942-07-11,48.4431,38.2937
65,Горское,rescued,1943-02-08,48.4431,38.2937
66,Горское,occupied,1943-03-03,48.4431,38.2937
67,Горское,rescued,1943-09-03,48.4431,38.2937
68,Грайворон,occupied,1941-10-19,50.48333,35.66667
69,Грайворон,rescued,1943-02-16,50.48333,35.66667
70,Грайворон,occupied,1943-03-13,50.48333,35.66667
71,Грайворон,rescued,1943-08-07,50.48333,35.66667
72,Дорогобуж,occupied,1941-10-05,54.92,33.30778
73,Дорогобуж,rescued,1942-02-15,54.92,33.30778
74,Дорогобуж,occupied,1942-06-07,54.92,33.30778
75,Дорогобуж,rescued,1943-09-01,54.92,33.30778
76,Дружковка,occupied,1941-10-26,48.62028,37.52778
77,Дружковка,rescued,1943-02-06,48.62028,37.52778
78,Дружковка,occupied,1943-02-09,48.62028,37.52778
79,Дружковка,rescued,1943-09-06,48.62028,37.52778
80,Ельня,occupied,1941-07-19,54.56667,33.16667
81,Ельня,rescued,1941-09-06,54.56667,33.16667
82,Ельня,occupied,1941-10-06,54.56667,33.16667
83,Ельня,rescued,1943-08-30,54.56667,33.16667
84,Житомир,occupied,1941-07-09,50.25444,28.65778
85,Житомир,rescued,1943-11-12,50.25444,28.65778
86,Житомир,occupied,1943-11-19,50.25444,28.65778
87,Житомир,rescued,1943-12-31,50.25444,28.65778
88,Жлобин,occupied,1941-07-03,52.9,30.03333
89,Жлобин,rescued,1941-07-13,52.9,30.03333
90,Жлобин,occupied,1941-08-14,52.9,30.03333
91,Жлобин,rescued,1944-06-26,52.9,30.03333
92,Керчь,occupied,1941-11-16,45.33861,36.46806
93,Керчь,rescued,1941-12-30,45.33861,36.46806
94,Керчь,occupied,1942-05-15,45.33861,36.46806
95,Керчь,rescued,1944-04-11,45.33861,36.46806
96,Коростень,occupied,1941-08-08,50.95,28.65
97,Коростень,rescued,1943-11-17,50.95,28.65
98,Коростень,occupied,1943-11-27,50.95,28.65
99,Коростень,rescued,1943-12-29,50.95,28.65
100,Коростышев,occupied,1941-07-09,50.31861,29.05917
101,Коростышев,rescued,1943-11-11,50.31861,29.05917
102,Коростышев,occupied,1943-11-20,50.31861,29.05917
103,Коростышев,rescued,1943-12-28,50.31861,29.05917
104,Краматорск,occupied,1941-10-27,48.73778,37.58417
105,Краматорск,rescued,1943-02-05,48.73778,37.58417
106,Краматорск,occupied,1943-02-27,48.73778,37.58417
107,Краматорск,rescued,1943-09-06,48.73778,37.58417
108,Красноармейск,occupied,1941-10-19,56.0722,38.0846
109,Красноармейск,rescued,1943-02-11,56.0722,38.0846
110,Красноармейск,occupied,1943-02-20,56.0722,38.0846
111,Красноармейск,rescued,1943-09-08,56.0722,38.0846
112,Кропоткин,occupied,1942-08-04,45.26,40.34
113,Кропоткин,rescued,1943-01-28,45.26,40.34
116,Лебедин,occupied,1941-10-10,50.583054119944,34.482346384831
117,Лебедин,rescued,1943-02-23,50.583054119944,34.482346384831
118,Лебедин,occupied,1943-03-10,50.583054119944,34.482346384831
119,Лебедин,rescued,1943-08-19,50.583054119944,34.482346384831
120,Лисичанск,occupied,1942-07-10,48.91694,38.43056
121,Лисичанск,rescued,1943-02-06,48.91694,38.43056
122,Лисичанск,occupied,1943-03-03,48.91694,38.43056
123,Лисичанск,rescued,1943-09-02,48.91694,38.43056
124,Лозовая,occupied,1941-10-11,48.8892,36.3161
125,Лозовая,rescued,1942-01-27,48.8892,36.3161
126,Лозовая,occupied,1942-05-23,48.8892,36.3161
127,Лозовая,rescued,1943-02-11,48.8892,36.3161
128,Лозовая,occupied,1943-03-01,48.8892,36.3161
129,Лозовая,rescued,1943-09-16,48.8892,36.3161
130,Люботин,occupied,1941-10-20,49.948888888889,35.930555555556
131,Люботин,rescued,1943-02-22,49.948888888889,35.930555555556
132,Люботин,occupied,1943-03-09,49.948888888889,35.930555555556
133,Люботин,rescued,1943-08-29,49.948888888889,35.930555555556
134,Людиново,occupied,1941-10-04,53.86667,34.46667
135,Людиново,rescued,1942-01-09,53.86667,34.46667
136,Людиново,occupied,1942-01-17,53.86667,34.46667
137,Людиново,rescued,1943-09-09,53.86667,34.46667
138,Мерефа,occupied,1941-10-21,49.819722222222,36.068611111111
139,Мерефа,rescued,1943-02-18,49.819722222222,36.068611111111
140,Мерефа,occupied,1943-03-13,49.819722222222,36.068611111111
141,Мерефа,rescued,1943-09-05,49.819722222222,36.068611111111
142,Монастыриска,occupied,1941-07-04,49.08889,25.16944
143,Монастыриска,rescued,1944-03-26,49.08889,25.16944
144,Монастыриска,occupied,1944-04-06,49.08889,25.16944
145,Монастыриска,rescued,1944-07-21,49.08889,25.16944
146,Надворная,occupied,1941-07-03,48.63333,24.58333
147,Надворная,rescued,1944-03-29,48.63333,24.58333
148,Надворная,occupied,1944-04-18,48.63333,24.58333
149,Надворная,rescued,1944-07-25,48.63333,24.58333
150,Павлоград,occupied,1941-10-11,48.52,35.87
151,Павлоград,rescued,1943-02-17,48.52,35.87
152,Павлоград,occupied,1943-02-22,48.52,35.87
153,Павлоград,rescued,1943-09-18,48.52,35.87
154,Подгайцы,occupied,1941-07-04,49.26667,25.13333
155,Подгайцы,rescued,1944-03-26,49.26667,25.13333
156,Подгайцы,occupied,1944-04-05,49.26667,25.13333
157,Подгайцы,rescued,1944-07-21,49.26667,25.13333
158,Приекуле,occupied,1941-06-27,56.44722,21.59333
159,Приекуле,rescued,1945-05-09,56.44722,21.59333
160,Приекуле,occupied,1941-06-23,56.44722,21.59333
161,Приекуле,rescued,1944-07-22,56.44722,21.59333
162,Радомышль,occupied,1941-07-20,50.49472,29.23333
163,Радомышль,rescued,1943-11-11,50.49472,29.23333
164,Радомышль,occupied,1943-12-13,50.49472,29.23333
165,Радомышль,rescued,1943-12-26,50.49472,29.23333
166,Расейняй,occupied,1941-06-23,55.36667,23.11667
167,Расейняй,rescued,1944-08-09,55.36667,23.11667
168,Расейняй,occupied,1944-08-15,55.36667,23.11667
169,Расейняй,rescued,1944-10-07,55.36667,23.11667
170,Рогачев,occupied,1941-07-03,53.1,30.05
171,Рогачев,rescued,1941-07-13,53.1,30.05
172,Рогачев,occupied,1941-08-14,53.1,30.05
173,Рогачев,rescued,1944-02-24,53.1,30.05
174,Ростов-на-Дону,occupied,1941-11-21,47.1426,39.4238
175,Ростов-на-Дону,rescued,1941-11-29,47.1426,39.4238
176,Ростов-на-Дону,occupied,1942-07-24,47.1426,39.4238
177,Ростов-на-Дону,rescued,1943-02-14,47.1426,39.4238
178,Севск,occupied,1941-10-01,52.15,34.49389
179,Севск,rescued,1943-03-02,52.15,34.49389
180,Севск,occupied,1943-03-27,52.15,34.49389
181,Севск,rescued,1943-08-27,52.15,34.49389
182,Сквира,occupied,1941-07-14,49.73333,29.68333
183,Сквира,rescued,1943-12-29,49.73333,29.68333
184,Сквира,occupied,1941-07-14,49.73333,29.68333
185,Сквира,rescued,1944-08-09,49.73333,29.68333
188,Славянск,occupied,1941-10-28,48.87,37.625
189,Славянск,rescued,1943-02-17,48.87,37.625
190,Славянск,occupied,1943-03-01,48.87,37.625
191,Славянск,rescued,1943-09-06,48.87,37.625
192,Сольцы,occupied,1941-07-13,58.11667,30.31667
193,Сольцы,rescued,1941-07-16,58.11667,30.31667
194,Сольцы,occupied,1941-07-22,58.11667,30.31667
195,Сольцы,rescued,1944-02-21,58.11667,30.31667
196,Тлумач,occupied,1941-07-05,48.866861,25.001194
197,Тлумач,rescued,1944-03-29,48.866861,25.001194
198,Тлумач,occupied,1944-04-18,48.866861,25.001194
199,Тлумач,rescued,1944-07-25,48.866861,25.001194
200,Тростянец,occupied,1941-10-16,50.283,34.5818
201,Тростянец,rescued,1943-02-21,50.283,34.5818
202,Тростянец,occupied,1943-03-11,50.283,34.5818
203,Тростянец,rescued,1943-08-19,50.283,34.5818
204,Тукумс,occupied,1941-06-27,56.96694,23.15306
205,Тукумс,rescued,1944-07-30,56.96694,23.15306
206,Тукумс,occupied,1944-08-21,56.96694,23.15306
207,Тукумс,rescued,1945-05-08,56.96694,23.15306
208,Феодосия,occupied,1941-11-03,45.04889,35.37917
209,Феодосия,rescued,1941-12-29,45.04889,35.37917
210,Феодосия,occupied,1942-01-18,45.04889,35.37917
211,Феодосия,rescued,1944-04-13,45.04889,35.37917
212,Харьков,occupied,1941-10-25,50,36.16667
213,Харьков,rescued,1943-02-16,50,36.16667
214,Харьков,occupied,1943-03-16,50,36.16667
215,Харьков,rescued,1943-08-23,50,36.16667
216,Ходоров,occupied,1941-07-02,49.41,24.30944
217,Ходоров,rescued,1944-07-27,49.41,24.30944
218,Ходоров,occupied,1941-08-03,49.41,24.30944
219,Ходоров,rescued,1944-02-21,49.41,24.30944
220,Хыров,occupied,1941-06-28,49.53556,22.85444
221,Хыров,rescued,1944-07-27,49.53556,22.85444
222,Хыров,occupied,1944-07-30,49.53556,22.85444
223,Хыров,rescued,1944-08-08,49.53556,22.85444
224,Харьков,occupied,1941-10-25,50,36.16667
225,Харьков,rescued,1943-02-16,50,36.16667
226,Харьков,occupied,1943-03-16,50,36.16667
227,Харьков,rescued,1943-08-23,50,36.16667
228,Ходоров,occupied,1941-07-02,49.41,24.30944
229,Ходоров,rescued,1944-07-27,49.41,24.30944
230,Ходоров,occupied,1941-08-03,49.41,24.30944
231,Ходоров,rescued,1944-02-21,49.41,24.30944
232,Хыров,occupied,1941-06-28,49.53556,22.85444
233,Хыров,rescued,1944-07-27,49.53556,22.85444
234,Хыров,occupied,1944-07-30,49.53556,22.85444
235,Хыров,rescued,1944-08-08,49.53556,22.85444
236,Чаплино,occupied,1941-10-02,48.0738,36.1415
237,Чаплино,rescued,1943-09-09,48.0738,36.1415
238,Чаплино,occupied,1943-09-15,48.0738,36.1415
239,Чаплино,rescued,1943-09-16,48.0738,36.1415
240,Чугуев,occupied,1941-10-30,49.835277777778,36.675555555556
241,Чугуев,rescued,1943-02-10,49.835277777778,36.675555555556
242,Чугуев,occupied,1943-03-15,49.835277777778,36.675555555556
243,Чугуев,rescued,1943-08-11,49.835277777778,36.675555555556
244,Ялта,occupied,1941-11-08,44.49944,34.15528
245,Ялта,rescued,1944-04-15,44.49944,34.15528
248,Ярцево,occupied,1941-07-16,55.06667,32.68333
249,Ярцево,rescued,1941-07-19,55.06667,32.68333
250,Ярцево,occupied,1941-10-05,55.06667,32.68333
251,Ярцево,rescued,1943-09-16,55.06667,32.68333
253,Дружба,rescued,1945-01-26,52.0252,33.5623
255,Калиновка,rescued,1945-01-20,49.265,28.3123
257,Берегово,rescued,1944-10-26,48.2025,22.6375
259,Знаменск,rescued,1945-01-23,54.37,21.13
261,Гусев,rescued,1945-01-20,54.35,22.12
263,Хуст,rescued,1944-10-24,48.18139,23.29778
265,Озерск,rescued,1945-01-23,54.25,22.01
267,Черняховск,rescued,1945-01-22,54.63333,21.81667
269,Северо-Курильск,rescued,1945-08-24,50.4,156.07
271,Ясное,rescued,1945-01-20,55.11,21.33
273,Калининград,rescued,1945-04-09,54.71667,20.5
275,Полесск,rescued,1945-01-23,54.86667,21.1
277,Ладушкин,rescued,1945-03-18,54.56667,20.16667
279,Холмск,rescued,1945-08-20,47.04028,142.04306
281,Клайпеда,rescued,1945-01-28,55.7075,21.14278
283,Мукачево,rescued,1944-10-26,48.44139,22.71361
285,Гурьевск,rescued,1945-01-28,54.46,20.36
287,Крылово,rescued,1945-01-26,54.205,21.332
289,Долинск,rescued,1945-08-25,47.31667,142.8
291,Корсаков,rescued,1945-08-25,46.38,142.46
295,Балтийск,rescued,1945-04-25,54.65,19.91667
297,Добровольск,rescued,1945-01-16,54.46,22.3
299,Пагегяй,rescued,1944-10-21,55.13611,21.90556
301,Багратионовск,rescued,1945-02-10,54.38333,20.63333
303,Рахов,rescued,1944-10-16,48.05,24.21667
305,Анива,rescued,1945-08-26,46.43,142.31
307,Виноградов,rescued,1944-10-25,48.0859,23.013
309,Поронайск,rescued,1945-08-20,49.21667,143.1
311,Макаров,rescued,1945-08-22,50.28,29.49
313,Гвардейск,rescued,1945-01-25,54.65,21.06667
315,Советск,rescued,1945-01-20,55.05,21.53
317,Южно-Сахалинск,rescued,1945-08-25,46.57,142.44
319,Ужгород,rescued,1944-10-27,48.62389,22.295
321,Приморск,rescued,1945-04-17,60.2158,28.3649
323,Правдинск,rescued,1945-01-31,54.45,21.01667
325,Мамоново,rescued,1945-03-25,54.46667,19.93333
327,Славск,rescued,1945-01-20,55.05,21.66667
329,Невельск,rescued,1945-08-24,46.65,141.86667
331,Мамоново,rescued,1945-03-25,54.46667,19.93333
333,Славск,rescued,1945-01-20,55.05,21.66667
335,Невельск,rescued,1945-08-24,46.65,141.86667
337,Шилуте,rescued,1944-10-10,55.35,21.48333
339,Нестеров,rescued,1944-10-25,54.38,22.34
341,Углегорск,rescued,1945-08-17,48.19,38.17
342,Балаклава,occupied,1941-11-08,44.5,33.6
343,Балаклава,rescued,1944-04-18,44.5,33.6
344,Бежица,occupied,1941-10-06,53.30833,34.30833
345,Бежица,rescued,1943-09-17,53.30833,34.30833
346,Воронеж,occupied,1942-07-06,51.67167,39.21056
347,Воронеж,rescued,1943-01-25,51.67167,39.21056
348,Новороссийск,occupied,1942-09-10,44.71667,37.76667
349,Новороссийск,rescued,1943-09-16,44.71667,37.76667
350,Волгоград,occupied,1942-11-11,48.71167,44.51389
351,Волгоград,rescued,1943-02-02,48.71167,44.51389
352,Пыталово,occupied,1941-07-05,57.06667,27.91667
353,Пыталово,rescued,1944-07-22,57.06667,27.91667
354,Азов,occupied,1942-07-27,47.1,39.41667
355,Азов,rescued,1943-02-07,47.1,39.41667
356,Айзпуте,occupied,1941-07-01,56.72111,21.60167
357,Айзпуте,rescued,1945-05-09,56.72111,21.60167
358,Айнажи,occupied,1941-07-04,57.86361,24.35861
359,Айнажи,rescued,1944-09-25,57.86361,24.35861
360,Белгород-Днестровский,occupied,1941-07-28,46.11,30.2
361,Белгород-Днестровский,rescued,1944-08-22,46.11,30.2
362,Алагир,occupied,1942-11-01,43.04167,44.21056
363,Алагир,rescued,1942-12-24,43.04167,44.21056
364,Александрия,occupied,1941-08-06,48.4124,33.0619
365,Александрия,rescued,1943-12-06,48.4124,33.0619
366,Алексин,occupied,1941-11-29,54.5,37.06667
367,Алексин,rescued,1941-12-17,54.5,37.06667
369,Алитус,rescued,1944-07-15,54.40139,24.04917
370,Алуксне,occupied,1941-07-05,57.42389,27.05028
371,Алуксне,rescued,1944-08-19,57.42389,27.05028
372,Алупка,occupied,1941-11-08,44.41972,34.04306
373,Алупка,rescued,1944-04-16,44.41972,34.04306
374,Алушта,occupied,1941-11-04,44.66722,34.39778
375,Алушта,rescued,1944-04-15,44.66722,34.39778
376,Ананьев,occupied,1941-08-07,47.4302,29.5832
377,Ананьев,rescued,1944-04-01,47.4302,29.5832
378,Анапа,occupied,1942-08-31,44.893857,37.317481
379,Анапа,rescued,1943-09-21,44.893857,37.317481
380,Каменногорск,occupied,1941-08-14,60.95081,29.130882
381,Каменногорск,rescued,1944-09-24,60.95081,29.130882
382,Антсла,occupied,1941-07-06,57.83333,26.53333
383,Антсла,rescued,1944-08-13,57.83333,26.53333
384,Апе,occupied,1941-07-05,57.53917,26.69278
385,Апе,rescued,1944-08-27,57.53917,26.69278
386,Апостолово,occupied,1941-08-17,47.659549603811,33.717010833357
387,Апостолово,rescued,1944-02-05,47.659549603811,33.717010833357
388,Армавир,occupied,1942-08-07,45.0,41.07
389,Армавир,rescued,1943-01-24,45.0,41.07
390,Артемовск,occupied,1941-11-01,48.60444,38.00667
391,Артемовск,rescued,1943-09-05,48.60444,38.00667
394,Балвы,occupied,1941-07-04,57.12917,27.26667
395,Балвы,rescued,1944-07-30,57.12917,27.26667
396,Балта,occupied,1941-08-04,47.93611,29.6225
397,Балта,rescued,1944-03-29,47.93611,29.6225
398,Бар,occupied,1941-07-16,49.0441,27.4059
399,Бар,rescued,1944-03-25,49.0441,27.4059
400,Барановичи,occupied,1941-06-27,53.11667,25.98333
401,Барановичи,rescued,1944-07-08,53.11667,25.98333
404,Батайск,occupied,1942-07-27,47.13333,39.75
405,Батайск,rescued,1943-02-07,47.13333,39.75
406,Бауска,occupied,1941-06-28,56.40667,24.1875
407,Бауска,rescued,1944-09-14,56.40667,24.1875
408,Бахмач,occupied,1941-09-13,51.18,32.82694
409,Бахмач,rescued,1943-09-09,51.18,32.82694
410,Бахчисарай,occupied,1941-11-01,44.75278,33.86083
411,Бахчисарай,rescued,1944-04-14,44.75278,33.86083
412,Белая церковь,occupied,1941-07-16,49.79556,30.11667
413,Белая церковь,rescued,1944-01-04,49.79556,30.11667
414,Белев,occupied,1941-10-23,53.8,36.13333
415,Белев,rescued,1941-12-31,53.8,36.13333
416,Белополье,occupied,1941-10-08,51.153231219176,34.302536567278
417,Белополье,rescued,1943-09-03,51.153231219176,34.302536567278
418,Бельцы,occupied,1941-07-07,47.76167,27.92889
419,Бельцы,rescued,1944-03-26,47.76167,27.92889
420,Белый,occupied,1941-10-04,55.5,32.56
421,Белый,rescued,1943-03-10,55.5,32.56
422,Бендеры,occupied,1941-07-21,46.83056,29.47111
423,Бендеры,rescued,1944-08-23,46.83056,29.47111
424,Бердичев,occupied,1941-07-07,49.89194,28.6
425,Бердичев,rescued,1944-01-05,49.89194,28.6
426,Бережаны,occupied,1941-07-03,49.44611,24.93861
427,Бережаны,rescued,1944-07-22,49.44611,24.93861
428,Береза,occupied,1941-06-23,52.33,24.58
429,Береза,rescued,1944-07-15,52.33,24.58
430,Берестечко,occupied,1941-06-24,50.35,25.11667
431,Берестечко,rescued,1944-04-02,50.35,25.11667
432,Берислав,occupied,1941-08-29,46.83333,33.41667
433,Берислав,rescued,1944-03-11,46.83333,33.41667
434,Бобринец,occupied,1941-08-06,48.05778,32.15806
435,Бобринец,rescued,1944-03-16,48.05778,32.15806
436,Бобрка,occupied,1941-07-01,49.63583,24.29361
437,Бобрка,rescued,1944-07-27,49.63583,24.29361
438,Бобруйск,occupied,1941-06-28,53.1,29.21667
439,Бобруйск,rescued,1944-06-29,53.1,29.21667
440,Богородицк,occupied,1941-11-15,53.76667,38.13333
441,Богородицк,rescued,1941-12-15,53.76667,38.13333
442,Богуслав,occupied,1941-07-26,49.33,30.53
443,Богуслав,rescued,1944-02-03,49.33,30.53
444,Богучар,occupied,1942-07-10,49.93333,40.55
445,Богучар,rescued,1942-12-19,49.93333,40.55
446,Антрацит,occupied,1942-07-19,48.07,39.05
447,Антрацит,rescued,1943-02-20,48.07,39.05
448,Болград,occupied,1941-07-20,45.68444,28.61278
449,Болград,rescued,1944-08-24,45.68444,28.61278
450,Болехов,occupied,1941-07-03,49.06694,23.85139
451,Болехов,rescued,1944-08-07,49.06694,23.85139
452,Болхов,occupied,1941-10-09,53.45,36
453,Болхов,rescued,1943-07-28,53.45,36
454,Токмак,occupied,1941-10-07,47.1505,35.4221
455,Токмак,rescued,1943-09-20,47.1505,35.4221
456,Борислав,occupied,1941-07-01,49.1721,23.2508
457,Борислав,rescued,1944-08-07,49.1721,23.2508
458,Борисов,occupied,1941-07-02,54.14,28.3
459,Борисов,rescued,1944-07-01,54.14,28.3
460,Боровск,occupied,1941-10-15,55.2,36.48333
461,Боровск,rescued,1942-01-04,55.2,36.48333
462,Браслав,occupied,1941-06-27,55.64333,27.06139
463,Браслав,rescued,1944-07-06,55.64333,27.06139
464,Броды,occupied,1941-06-30,50.07806,25.15417
465,Броды,rescued,1944-07-17,50.07806,25.15417
466,Брянск,occupied,1941-10-06,53.25,34.36667
467,Брянск,rescued,1943-09-17,53.25,34.36667
468,Будённовск,occupied,1942-08-18,44.79,44.14
469,Будённовск,rescued,1943-01-10,44.79,44.14
470,Буск,occupied,1941-06-30,49.96667,24.61667
471,Буск,rescued,1944-07-18,49.96667,24.61667
472,Валга,occupied,1941-07-10,57.78333,26.03333
473,Валга,rescued,1944-09-19,57.78333,26.03333
474,Валдемарпилс,occupied,1941-07-03,57.37056,22.59194
475,Валдемарпилс,rescued,1945-05-10,57.37056,22.59194
476,Валка,occupied,1941-07-10,57.77528,26.02139
477,Валка,rescued,1944-09-19,57.77528,26.02139
478,Валмиера,occupied,1941-07-04,57.53806,25.42306
479,Валмиера,rescued,1944-09-24,57.53806,25.42306
480,Валуйки,occupied,1942-07-06,50.18333,38.11667
481,Валуйки,rescued,1943-01-19,50.18333,38.11667
482,Вапнярка,occupied,1941-07-22,48.32,28.45
483,Вапнярка,rescued,1944-03-16,48.32,28.45
484,Варакляны,occupied,1941-07-01,56.60778,26.755
485,Варакляны,rescued,1944-08-02,56.60778,26.755
486,Васильков,occupied,1941-07-31,50.1775,30.32167
487,Васильков,rescued,1943-11-06,50.1775,30.32167
488,Вашковцы,occupied,1941-07-06,48.2231,25.2952
489,Вашковцы,rescued,1944-03-31,48.2231,25.2952
490,Велиж,occupied,1941-07-14,55.6,31.2
491,Велиж,rescued,1943-09-20,55.6,31.2
492,Венёв,occupied,1941-11-24,54.35,38.26667
493,Венёв,rescued,1941-12-09,54.35,38.26667
494,Вентспилс,occupied,1941-06-27,57.38972,21.56444
495,Вентспилс,rescued,1945-05-10,57.38972,21.56444
496,Вердино,occupied,1941-07-15,55.44,32.3025
497,Вердино,rescued,1943-07-30,55.44,32.3025
498,Верея,occupied,1941-10-18,55.33333,36.18333
499,Верея,rescued,1942-01-19,55.33333,36.18333
500,Верхнеднепровск,occupied,1941-08-15,48.649772426607,34.330483883076
501,Верхнеднепровск,rescued,1943-10-22,48.649772426607,34.330483883076
502,Ветка,occupied,1941-08-18,52.3333,31.1051
503,Ветка,rescued,1943-09-28,52.3333,31.1051
504,Вижница,occupied,1941-07-06,48.25,25.19167
505,Вижница,rescued,1944-03-31,48.25,25.19167
506,Выборг,occupied,1941-08-30,60.710496,28.749781
507,Выборг,rescued,1944-06-20,60.710496,28.749781
508,Вилейка,occupied,1941-06-25,54.48333,26.91667
509,Вилейка,rescued,1944-07-02,54.48333,26.91667
510,Вилково,occupied,1941-07-23,45.39917,29.59361
511,Вилково,rescued,1944-08-24,45.39917,29.59361
512,Вильнюс,occupied,1941-06-24,54.68333,25.28333
513,Вильнюс,rescued,1944-07-13,54.68333,25.28333
514,Вильянди,occupied,1941-07-09,58.36667,25.6
515,Вильянди,rescued,1944-09-23,58.36667,25.6
516,Виляны,occupied,1941-07-02,56.55278,26.92528
517,Виляны,rescued,1944-07-28,56.55278,26.92528
518,Винники,occupied,1941-06-30,49.81556,24.12972
519,Винники,rescued,1944-07-27,49.81556,24.12972
520,Винница,occupied,1941-07-21,49.23333,28.46667
521,Винница,rescued,1944-03-20,49.23333,28.46667
523,Вирбалис,rescued,1944-10-17,54.6242722,22.8180611
524,Витебск,occupied,1941-07-11,55.18333,30.16667
525,Витебск,rescued,1944-06-26,55.18333,30.16667
526,Владимир-Волынский,occupied,1941-06-23,50.5053,24.192
527,Владимир-Волынский,rescued,1944-07-20,50.5053,24.192
528,Вознесенск,occupied,1941-08-07,47.5725,31.31194
529,Вознесенск,rescued,1944-03-24,47.5725,31.31194
530,Волковыск,occupied,1941-06-28,53.16667,24.46667
531,Волковыск,rescued,1944-07-14,53.16667,24.46667
532,Волноваха,occupied,1941-10-13,47.59778,37.48361
533,Волноваха,rescued,1943-09-10,47.59778,37.48361
534,Волоколамск,occupied,1941-10-27,56.03333,35.95
535,Волоколамск,rescued,1941-12-20,56.03333,35.95
536,Воропоново,occupied,1942-09-03,48.68667,44.32111
537,Воропоново,rescued,1943-01-22,48.68667,44.32111
538,Ворошиловград,occupied,1942-07-17,48.58333,39.33333
539,Ворошиловград,rescued,1943-02-14,48.58333,39.33333
540,Коммунарск,occupied,1942-07-13,48.46722,38.79833
541,Коммунарск,rescued,1943-09-02,48.46722,38.79833
542,Ставрополь,occupied,1942-08-05,45.03333,41.96667
543,Ставрополь,rescued,1943-01-21,45.03333,41.96667
544,Выру,occupied,1941-07-10,57.835,27.015
545,Выру,rescued,1944-08-13,57.835,27.015
546,Высоковск,occupied,1941-11-21,56.31667,36.55
547,Высоковск,rescued,1941-12-16,56.31667,36.55
548,Высокое,occupied,1941-06-23,52.22,23.22
549,Высокое,rescued,1944-07-28,52.22,23.22
550,Вязьма,occupied,1941-10-07,55.21028,34.285
551,Вязьма,rescued,1943-03-12,55.21028,34.285
552,Галич,occupied,1941-07-02,49.0646,24.4318
553,Галич,rescued,1944-07-24,49.0646,24.4318
554,Гдов,occupied,1941-07-19,58.73333,27.81667
555,Гдов,rescued,1944-02-04,58.73333,27.81667
556,Геническ,occupied,1941-09-16,46.17694,34.79889
557,Геническ,rescued,1943-10-30,46.17694,34.79889
558,Георгиевск,occupied,1942-08-15,44.15,43.46667
559,Георгиевск,rescued,1943-01-10,44.15,43.46667
560,Герца,occupied,1941-07-04,48.15,26.25
561,Герца,rescued,1944-03-31,48.15,26.25
564,Глубокое,occupied,1941-07-02,55.08,27.41
565,Глубокое,rescued,1944-07-03,55.08,27.41
566,Глухов,occupied,1941-09-09,51.676457594263,33.907781433829
567,Глухов,rescued,1943-08-30,51.676457594263,33.907781433829
568,Гомель,occupied,1941-08-19,52.44167,31
569,Гомель,rescued,1943-11-26,52.44167,31
570,Горки,occupied,1941-07-12,54.17,30.59
571,Горки,rescued,1944-06-26,54.17,30.59
572,Горловка,occupied,1941-11-02,48.33361,38.0925
573,Горловка,rescued,1943-09-04,48.33361,38.0925
574,Гробиня,occupied,1941-06-26,56.53583,21.16556
575,Гробиня,rescued,1945-05-10,56.53583,21.16556
576,Гродно,occupied,1941-06-23,53.66667,23.81667
577,Гродно,rescued,1944-07-16,53.66667,23.81667
578,Гулбене,occupied,1941-07-03,57.175,26.75639
579,Гулбене,rescued,1944-08-28,57.175,26.75639
580,Гусятин,occupied,1941-07-07,49.070811307796,26.19387898412
581,Гусятин,rescued,1944-03-24,49.070811307796,26.19387898412
582,Давид-городок,occupied,1941-07-07,52.05556,27.21389
583,Давид-городок,rescued,1944-07-09,52.05556,27.21389
584,Даугавпилс,occupied,1941-06-26,55.87139,26.51611
585,Даугавпилс,rescued,1944-07-27,55.87139,26.51611
588,Демидов,occupied,1941-07-13,55.16,31.31
589,Демидов,rescued,1943-09-22,55.16,31.31
590,Джанкой,occupied,1941-10-31,45.70861,34.39333
591,Джанкой,rescued,1944-04-11,45.70861,34.39333
592,Донецкая область,occupied,1941-10-28,48.14,37.74
593,Донецкая область,rescued,1943-09-05,48.14,37.74
594,Минская область,occupied,1941-06-28,53.66666667,27.75
595,Минская область,rescued,1944-07-07,53.66666667,27.75
596,Дисна,occupied,1941-07-05,55.3346,28.1333
597,Дисна,rescued,1944-07-04,55.3346,28.1333
598,Дмитриев-Льговский,occupied,1941-10-08,52.0744,35.0432
599,Дмитриев-Льговский,rescued,1943-03-02,52.0744,35.0432
600,Дмитровск-Орловский,occupied,1941-10-02,52.302,35.0829
601,Дмитровск-Орловский,rescued,1943-08-12,52.302,35.0829
602,Днепродзержинск,occupied,1941-08-24,48.507634690383,34.613190310481
603,Днепродзержинск,rescued,1943-10-25,48.507634690383,34.613190310481
604,Днепропетровск,occupied,1941-08-25,48.466600814241,35.018155140697
605,Днепропетровск,rescued,1943-10-25,48.466600814241,35.018155140697
608,Добеле,occupied,1941-06-28,56.62417,23.28
609,Добеле,rescued,1944-07-31,56.62417,23.28
610,Добромиль,occupied,1941-06-28,49.56667,22.78333
611,Добромиль,rescued,1944-07-27,49.56667,22.78333
612,Добруш,occupied,1941-08-21,52.41667,31.31667
613,Добруш,rescued,1943-10-10,52.41667,31.31667
614,Докшицы,occupied,1941-07-09,54.88333,27.76667
615,Докшицы,rescued,1944-07-02,54.88333,27.76667
616,Долина,occupied,1941-07-03,48.5813,24.0039
617,Долина,rescued,1944-07-31,48.5813,24.0039
618,Дубровица,occupied,1941-07-09,51.56667,26.56667
619,Дубровица,rescued,1944-01-10,51.56667,26.56667
620,Амвросиевка,occupied,1941-10-21,47.795803,38.480092
621,Амвросиевка,rescued,1943-08-23,47.795803,38.480092
622,Донской,occupied,1941-11-26,53.58,38.19
623,Донской,rescued,1941-12-13,53.58,38.19
624,Верхнедвинск,occupied,1941-07-03,55.76667,27.93333
625,Верхнедвинск,rescued,1944-07-12,55.76667,27.93333
626,Дрогобыч,occupied,1941-07-01,49.35,23.5
627,Дрогобыч,rescued,1944-08-06,49.35,23.5
628,Дубно,occupied,1941-06-25,50.39306,25.735
629,Дубно,rescued,1944-03-17,50.39306,25.735
630,Дубровно,occupied,1941-07-16,54.56667,30.68333
631,Дубровно,rescued,1944-06-26,54.56667,30.68333
632,Дурбе,occupied,1941-06-30,56.58833,21.36889
633,Дурбе,rescued,1945-05-09,56.58833,21.36889
634,Духовщина,occupied,1941-07-15,55.2,32.41667
635,Духовщина,rescued,1943-09-19,55.2,32.41667
636,Дятьково,occupied,1941-10-09,53.6,34.33333
637,Дятьково,rescued,1943-09-15,53.6,34.33333
638,Евпатория,occupied,1941-10-31,45.2,33.35833
639,Евпатория,rescued,1944-04-13,45.2,33.35833
640,Ейск,occupied,1942-08-09,46.71056,38.27778
641,Ейск,rescued,1943-02-05,46.71056,38.27778
642,Екабпилс,occupied,1941-06-28,56.4975,25.86639
643,Екабпилс,rescued,1944-08-09,56.4975,25.86639
644,Елгава,occupied,1941-06-29,56.65222,23.72444
645,Елгава,rescued,1944-08-01,56.65222,23.72444
646,Елец,occupied,1941-12-05,52.61667,38.46667
647,Елец,rescued,1941-12-09,52.61667,38.46667
648,Ессентуки,occupied,1942-08-10,44.04306,42.86417
649,Ессентуки,rescued,1943-01-11,44.04306,42.86417
650,Ефремов,occupied,1941-11-23,53.0857,38.0457
651,Ефремов,rescued,1941-12-13,53.0857,38.0457
652,Жагаре,occupied,1941-06-26,56.35833,23.25
653,Жагаре,rescued,1944-07-29,56.35833,23.25
654,Железноводск,occupied,1942-08-10,44.13333,43.03333
655,Железноводск,rescued,1943-01-12,44.13333,43.03333
656,Жидачов,occupied,1941-07-01,49.38333,24.13333
657,Жидачов,rescued,1944-08-01,49.38333,24.13333
658,Жиздра,occupied,1941-10-05,53.4501,34.441
659,Жиздра,rescued,1943-08-16,53.4501,34.441
660,Жмеринка,occupied,1941-07-17,49.0425,28.09917
661,Жмеринка,rescued,1944-03-20,49.0425,28.09917
662,Нестеров,occupied,1941-06-29,54.38,22.34
663,Нестеров,rescued,1944-07-23,54.38,22.34
664,Залещики,occupied,1941-07-07,48.639241488656,25.737360606667
665,Залещики,rescued,1944-03-24,48.639241488656,25.737360606667
666,Западная Двина,occupied,1941-10-06,56.16,32.05
667,Западная Двина,rescued,1942-01-21,56.16,32.05
668,Запорожье,occupied,1941-10-04,47.85,35.1175
669,Запорожье,rescued,1943-10-14,47.85,35.1175
670,Зарасай,occupied,1941-06-25,55.73056,26.24722
671,Зарасай,rescued,1944-07-29,55.73056,26.24722
672,Збараж,occupied,1941-07-02,49.664574286972,25.775386058654
673,Збараж,rescued,1944-03-06,49.664574286972,25.775386058654
674,Зборов,occupied,1941-07-02,49.661605155854,25.146931109789
675,Зборов,rescued,1944-07-20,49.661605155854,25.146931109789
676,Звенигородка,occupied,1941-07-29,49.08333,30.96667
677,Звенигородка,rescued,1944-01-28,49.08333,30.96667
678,Здолбунов,occupied,1941-06-28,50.51444,26.24944
679,Здолбунов,rescued,1944-02-03,50.51444,26.24944
680,Зеньков,occupied,1941-10-09,50.208139083815,34.366841820448
681,Зеньков,rescued,1943-09-06,50.208139083815,34.366841820448
682,Зилупе,occupied,1941-07-06,56.38556,28.1225
683,Зилупе,rescued,1944-07-18,56.38556,28.1225
684,Зимовники,occupied,1942-08-07,47.0842,42.28
685,Зимовники,rescued,1943-01-08,47.0842,42.28
686,Злынка,occupied,1941-08-25,52.43333,31.73333
687,Злынка,rescued,1943-09-26,52.43333,31.73333
688,Знаменка,occupied,1941-08-05,48.4249,32.4024
689,Знаменка,rescued,1943-12-09,48.4249,32.4024
690,Золотое,occupied,1942-07-12,48.68333,38.51667
691,Золотое,rescued,1943-09-03,48.68333,38.51667
692,Золотоноша,occupied,1941-09-19,49.68333,32.03333
693,Золотоноша,rescued,1943-09-22,49.68333,32.03333
694,Золочев,occupied,1941-07-01,49.4833,24.5402
695,Золочев,rescued,1944-07-17,49.4833,24.5402
696,Зубцов,occupied,1941-10-11,56.16667,34.58333
697,Зубцов,rescued,1942-08-23,56.16667,34.58333
698,Зугрэс,occupied,1941-10-25,48.0181028,38.2562778
699,Зугрэс,rescued,1943-09-03,48.0181028,38.2562778
700,Идрица,occupied,1941-07-15,56.31667,28.88333
701,Идрица,rescued,1944-07-12,56.31667,28.88333
702,Измаил,occupied,1941-07-19,45.35,28.83333
703,Измаил,rescued,1944-08-05,45.35,28.83333
704,Изюм,occupied,1942-06-24,49.1326,37.1729
705,Изюм,rescued,1943-02-05,49.1326,37.1729
706,Изяслав,occupied,1941-07-05,50.07,26.48
707,Изяслав,rescued,1944-03-05,50.07,26.48
708,Иловайск,occupied,1941-10-22,47.925,38.19722
709,Иловайск,rescued,1943-09-04,47.925,38.19722
710,Илуксте,occupied,1941-06-28,55.97806,26.29667
711,Илуксте,rescued,1944-07-29,55.97806,26.29667
712,Ионава,occupied,1941-06-25,55.07222,24.28056
713,Ионава,rescued,1944-07-29,55.07222,24.28056
714,Ионишкис,occupied,1941-06-26,56.24335,23.617859
715,Ионишкис,rescued,1944-07-28,56.24335,23.617859
716,Ирмино,occupied,1942-07-12,48.6,38.6
717,Ирмино,rescued,1943-09-03,48.6,38.6
718,Истра,occupied,1941-11-27,55.55,36.52
719,Истра,rescued,1941-12-11,55.55,36.52
720,Йыгева,occupied,1941-07-15,58.73333,26.38333
721,Йыгева,rescued,1944-09-20,58.73333,26.38333
722,Кагул,occupied,1941-07-20,45.5427,28.114
723,Кагул,rescued,1944-08-25,45.5427,28.114
726,Калараш,occupied,1941-07-14,47.25444,28.30806
727,Калараш,rescued,1944-08-23,47.25444,28.30806
729,Калвария,rescued,1944-08-01,54.41472,23.22806
730,Калинин,occupied,1941-10-17,56.5128,35.5518
731,Калинин,rescued,1941-12-16,56.5128,35.5518
732,Калинковичи,occupied,1941-08-22,52.13333,29.33333
733,Калинковичи,rescued,1944-01-14,52.13333,29.33333
734,Калласте,occupied,1941-07-25,58.66667,27.16667
735,Калласте,rescued,1944-09-18,58.66667,27.16667
736,Калуга,occupied,1941-10-13,54.53333,36.26667
737,Калуга,rescued,1941-12-30,54.53333,36.26667
738,Калуш,occupied,1941-07-02,49.04417,24.35972
739,Калуш,rescued,1944-07-30,49.04417,24.35972
740,Каменец-Подольский,occupied,1941-07-11,48.405,26.345
741,Каменец-Подольский,rescued,1944-03-26,48.405,26.345
742,Каменка-Бугская,occupied,1941-06-29,50.0629,24.2044
743,Каменка-Бугская,rescued,1944-07-20,50.0629,24.2044
744,Каменск-Шахтинский,occupied,1942-07-18,48.19,40.16
745,Каменск-Шахтинский,rescued,1943-02-13,48.19,40.16
746,Камень-Каширский,occupied,1941-06-30,51.3727,24.5738
747,Камень-Каширский,rescued,1944-03-13,51.3727,24.5738
748,Кандава,occupied,1941-07-03,57.03639,22.77611
749,Кандава,rescued,1945-05-09,57.03639,22.77611
750,Канев,occupied,1941-08-16,49.74472,31.45583
751,Канев,rescued,1944-01-30,49.74472,31.45583
752,Кантемировка,occupied,1942-07-10,49.70167,39.85361
753,Кантемировка,rescued,1942-12-19,49.70167,39.85361
754,Белогорск,occupied,1941-11-03,45.0316,34.3608
755,Белогорск,rescued,1944-04-13,45.0316,34.3608
756,Карачев,occupied,1941-10-06,53.11667,34.98333
757,Карачев,rescued,1943-08-15,53.11667,34.98333
758,Карсава,occupied,1941-07-04,56.78667,27.67389
759,Карсава,rescued,1944-07-27,56.78667,27.67389
760,Каунас,occupied,1941-06-23,54.9,23.93333
761,Каунас,rescued,1944-08-01,54.9,23.93333
762,Каховка,occupied,1941-08-30,46.8,33.46667
763,Каховка,rescued,1943-11-02,46.8,33.46667
764,Кедайняй,occupied,1941-06-25,55.28333,23.96667
765,Кедайняй,rescued,1944-08-02,55.28333,23.96667
766,Кейла,occupied,1941-08-25,59.30833,24.41667
767,Кейла,rescued,1944-09-23,59.30833,24.41667
768,Приозерск,occupied,1941-08-21,61.03333,30.11667
769,Приозерск,rescued,1944-09-24,61.03333,30.11667
771,Кибартай,rescued,1944-10-18,54.63889,22.75556
772,Киев,occupied,1941-09-19,50.45,30.51667
773,Киев,rescued,1943-11-06,50.45,30.51667
774,Килинги-Нымме,occupied,1941-07-07,58.09,24.58
775,Килинги-Нымме,rescued,1944-09-25,58.09,24.58
776,Ленинградская область,occupied,1941-08-16,60.05,31.75
777,Ленинградская область,rescued,1944-02-01,60.05,31.75
780,Кировоград,occupied,1941-08-04,48.51,32.26667
781,Кировоград,rescued,1944-01-08,48.51,32.26667
782,Кисловодск,occupied,1942-08-10,43.90333,42.72444
783,Кисловодск,rescued,1943-01-10,43.90333,42.72444
784,Кицмань,occupied,1941-07-05,48.4425,25.76139
785,Кицмань,rescued,1944-03-28,48.4425,25.76139
786,Кишинев,occupied,1941-07-16,47.02278,28.83528
787,Кишинев,rescued,1944-08-24,47.02278,28.83528
788,Клецк,occupied,1941-06-26,53.06361,26.63722
789,Клецк,rescued,1944-07-04,53.06361,26.63722
790,Климовичи,occupied,1941-08-10,53.61667,31.95
791,Климовичи,rescued,1943-09-28,53.61667,31.95
792,Клин,occupied,1941-11-23,56.2002,36.4245
793,Клин,rescued,1941-12-15,56.2002,36.4245
794,Клинцы,occupied,1941-08-20,52.75278,32.23611
795,Клинцы,rescued,1943-09-25,52.75278,32.23611
796,Кобеляки,occupied,1941-09-15,49.147360237501,34.199270075853
797,Кобеляки,rescued,1943-09-25,49.147360237501,34.199270075853
798,Кобрин,occupied,1941-06-23,52.2,24.35
799,Кобрин,rescued,1944-07-20,52.2,24.35
800,Ковель,occupied,1941-06-28,51.21667,24.71667
801,Ковель,rescued,1944-07-06,51.21667,24.71667
802,Козельск,occupied,1941-10-08,54.03333,35.78333
803,Козельск,rescued,1941-12-28,54.03333,35.78333
804,Приморск,occupied,1941-09-02,60.2158,28.3649
805,Приморск,rescued,1944-06-18,60.2158,28.3649
806,Коломыя,occupied,1941-07-04,48.51667,25.03333
807,Коломыя,rescued,1944-03-28,48.51667,25.03333
808,Комарно,occupied,1941-06-30,49.375,23.4211
809,Комарно,rescued,1944-07-29,49.375,23.4211
810,Кондопога,occupied,1941-11-03,62.2,34.26667
811,Кондопога,rescued,1944-06-28,62.2,34.26667
812,Кондрово,occupied,1941-10-09,54.8,35.93333
813,Кондрово,rescued,1942-01-19,54.8,35.93333
814,Конотоп,occupied,1941-09-03,51.23693688586,33.202706157203
815,Конотоп,rescued,1943-09-06,51.23693688586,33.202706157203
816,Константиновка,occupied,1941-10-28,48.53333,37.71667
817,Константиновка,rescued,1943-09-06,48.53333,37.71667
818,Корец,occupied,1941-07-05,50.61667,27.16667
819,Корец,rescued,1944-01-12,50.61667,27.16667
820,Короча,occupied,1942-07-01,50.81361,37.18139
821,Короча,rescued,1943-02-07,50.81361,37.18139
822,Корсунь-Шевченковский,occupied,1941-07-30,49.2534,31.165
823,Корсунь-Шевченковский,rescued,1944-02-14,49.2534,31.165
824,Косов,occupied,1941-07-01,48.315,25.09528
825,Косов,rescued,1944-03-31,48.315,25.09528
826,Коссово,occupied,1941-06-26,52.75,25.15
827,Коссово,rescued,1944-07-11,52.75,25.15
828,Костополь,occupied,1941-07-05,50.88333,26.44306
829,Костополь,rescued,1944-01-14,50.88333,26.44306
830,Костюковичи,occupied,1941-08-14,53.33889,32.04611
831,Костюковичи,rescued,1943-09-28,53.33889,32.04611
832,Котельниково,occupied,1942-08-02,47.63333,43.13333
833,Котельниково,rescued,1942-12-29,47.63333,43.13333
834,Подольск,occupied,1941-08-05,47.45,29.32
835,Подольск,rescued,1944-03-31,47.45,29.32
836,Краслава,occupied,1941-07-05,55.89556,27.16444
837,Краслава,rescued,1944-07-22,55.89556,27.16444
838,Гатчина,occupied,1941-09-13,59.56841,30.122892
839,Гатчина,rescued,1944-01-26,59.56841,30.122892
840,Красногоровка,occupied,1941-10-19,48.0,37.31
841,Красногоровка,rescued,1943-09-10,48.0,37.31
842,Красноград,occupied,1941-09-20,49.371944444444,35.456944444444
843,Красноград,rescued,1943-09-19,49.371944444444,35.456944444444
844,Краснодар,occupied,1942-08-12,45.03333,38.98333
845,Краснодар,rescued,1943-02-12,45.03333,38.98333
846,Краснодон,occupied,1942-07-19,48.3,39.73333
847,Краснодон,rescued,1943-02-14,48.3,39.73333
848,Красное,occupied,1941-06-30,46.382,29.493
849,Красное,rescued,1944-07-17,46.382,29.493
850,Красное село,occupied,1941-09-12,59.73333,30.08333
851,Красное село,rescued,1944-01-19,59.73333,30.08333
852,Красный Лиман,occupied,1942-07-08,48.59,37.485
853,Красный Лиман,rescued,1943-01-31,48.59,37.485
854,Красный Луч,occupied,1942-07-19,48.0717,38.5643
855,Красный Луч,rescued,1943-09-01,48.0717,38.5643
856,Красный Сулин,occupied,1942-07-21,47.53,40.04
857,Красный Сулин,rescued,1943-02-14,47.53,40.04
858,Кременец,occupied,1941-07-02,50.097451401565,25.735096191342
859,Кременец,rescued,1944-03-19,50.097451401565,25.735096191342
860,Кременная,occupied,1942-07-10,49.05,38.21667
861,Кременная,rescued,1943-01-31,49.05,38.21667
862,Кременчуг,occupied,1941-09-08,49.0775,33.42389
863,Кременчуг,rescued,1943-09-29,49.0775,33.42389
865,Кретинга,rescued,1944-10-10,55.8942111,21.2471722
866,Кривой Рог,occupied,1941-08-15,47.5431,33.2036
867,Кривой Рог,rescued,1944-02-22,47.5431,33.2036
868,Кричев,occupied,1941-07-17,53.71944,31.71389
869,Кричев,rescued,1943-09-29,53.71944,31.71389
870,Кролевец,occupied,1941-09-03,51.552868409242,33.382509437934
871,Кролевец,rescued,1943-09-01,51.552868409242,33.382509437934
874,Кулдига,occupied,1941-07-01,56.96722,21.97
875,Кулдига,rescued,1945-05-09,56.96722,21.97
876,Кунда,occupied,1941-08-07,59.5,26.53333
877,Кунда,rescued,1944-09-21,59.5,26.53333
878,Купянск,occupied,1942-06-24,49.706388888889,37.616666666667
879,Купянск,rescued,1943-02-03,49.706388888889,37.616666666667
880,Кингисепп,occupied,1941-09-22,59.36667,28.6
881,Кингисепп,rescued,1944-10-07,59.36667,28.6
882,Курск,occupied,1941-11-04,51.71667,36.18333
883,Курск,rescued,1943-02-08,51.71667,36.18333
884,Кярдла,occupied,1941-10-16,58.99444,22.75
885,Кярдла,rescued,1944-10-02,58.99444,22.75
887,Лаздияй,rescued,1944-07-31,54.2318917,23.5169583
888,Леово,occupied,1941-07-15,46.47861,28.25528
889,Леово,rescued,1944-08-25,46.47861,28.25528
890,Лиепая,occupied,1941-06-27,56.50833,21.01111
891,Лиепая,rescued,1945-05-09,56.50833,21.01111
892,Лепель,occupied,1941-07-03,54.875,28.69444
893,Лепель,rescued,1944-06-28,54.875,28.69444
894,Ливаны,occupied,1941-06-29,56.35389,26.17611
895,Ливаны,rescued,1944-08-01,56.35389,26.17611
896,Ливны,occupied,1941-11-26,52.425306,37.608306
897,Ливны,rescued,1941-12-25,52.425306,37.608306
898,Лида,occupied,1941-06-27,53.88722,25.30278
899,Лида,rescued,1944-07-09,53.88722,25.30278
900,Лимбажи,occupied,1941-07-04,57.51472,24.71306
901,Лимбажи,rescued,1944-09-26,57.51472,24.71306
902,Лиозно,occupied,1941-07-17,55.01667,30.8
903,Лиозно,rescued,1943-10-08,55.01667,30.8
904,Чекалин,occupied,1941-10-19,54.06,36.15
905,Чекалин,rescued,1941-12-26,54.06,36.15
908,Лохвица,occupied,1941-09-13,50.36104609592,33.26517113091
909,Лохвица,rescued,1943-09-13,50.36104609592,33.26517113091
910,Лубны,occupied,1941-09-13,50.018564129341,32.986860348473
911,Лубны,rescued,1943-09-18,50.018564129341,32.986860348473
912,Луга,occupied,1941-08-24,58.73333,29.85
913,Луга,rescued,1944-02-12,58.73333,29.85
914,Лудза,occupied,1941-07-04,56.54389,27.72111
915,Лудза,rescued,1944-07-23,56.54389,27.72111
916,Лунинец,occupied,1941-07-10,52.25,26.8
917,Лунинец,rescued,1944-07-10,52.25,26.8
918,Луцк,occupied,1941-06-25,50.74778,25.32444
919,Луцк,rescued,1944-02-02,50.74778,25.32444
920,Львов,occupied,1941-06-30,49.83333,24
921,Львов,rescued,1944-07-27,49.83333,24
922,Льгов,occupied,1941-10-27,51.66667,35.26667
923,Льгов,rescued,1943-03-03,51.66667,35.26667
924,Любань,occupied,1941-08-25,52.4756,27.5948
925,Любань,rescued,1944-01-28,52.4756,27.5948
926,Любомль,occupied,1941-06-25,51.21583,24.04083
927,Любомль,rescued,1944-07-19,51.21583,24.04083
928,Ляховичи,occupied,1941-06-26,53.03333,26.26667
929,Ляховичи,rescued,1944-07-05,53.03333,26.26667
930,Мадона,occupied,1941-07-02,56.85417,26.22
931,Мадона,rescued,1944-08-13,56.85417,26.22
932,Мажейкяй,occupied,1941-06-26,56.31111,22.33611
933,Мажейкяй,rescued,1944-10-31,56.31111,22.33611
934,Мазсалаца,occupied,1941-07-04,57.86667,25.05
935,Мазсалаца,rescued,1944-09-25,57.86667,25.05
936,Майкоп,occupied,1942-08-10,44.611,40.111
937,Майкоп,rescued,1943-01-29,44.611,40.111
938,Макеевка,occupied,1941-10-22,48.05556,37.96111
939,Макеевка,rescued,1943-09-06,48.05556,37.96111
940,Малая Вишера,occupied,1941-10-24,58.51,32.13
941,Малая Вишера,rescued,1941-11-20,58.51,32.13
942,Малгобек,occupied,1942-09-12,43.508882,44.585563
943,Малгобек,rescued,1943-01-03,43.508882,44.585563
944,Малин,occupied,1941-07-29,50.4608,29.1612
945,Малин,rescued,1943-11-12,50.4608,29.1612
946,Малоархангельск,occupied,1941-11-11,52.24,36.3
947,Малоархангельск,rescued,1943-02-23,52.24,36.3
948,Малоярославец,occupied,1941-10-18,55,36.46667
949,Малоярославец,rescued,1942-01-02,55,36.46667
950,Марганец,occupied,1941-08-17,47.3853,34.37
951,Марганец,rescued,1944-02-05,47.3853,34.37
952,Жданов,occupied,1941-10-08,50.4514,36.3109
953,Жданов,rescued,1943-09-10,50.4514,36.3109
954,Мга,occupied,1941-09-02,59.4527,31.0342
955,Мга,rescued,1944-01-21,59.4527,31.0342
956,Мглин,occupied,1941-08-16,53.06111,32.84833
957,Мглин,rescued,1943-09-22,53.06111,32.84833
958,Медвежьегорск,occupied,1941-12-06,62.91667,34.45
959,Медвежьегорск,rescued,1944-06-23,62.91667,34.45
960,Медынь,occupied,1941-10-11,54.96667,35.86667
961,Медынь,rescued,1942-01-14,54.96667,35.86667
962,Мелитополь,occupied,1941-10-06,46.83333,35.36667
963,Мелитополь,rescued,1943-10-23,46.83333,35.36667
964,Мещовск,occupied,1941-10-07,54.31667,35.28333
965,Мещовск,rescued,1942-01-06,54.31667,35.28333
966,Миллерово,occupied,1942-07-16,48.91667,40.4
967,Миллерово,rescued,1943-01-17,48.91667,40.4
968,Минеральные воды,occupied,1942-08-10,44.20083,43.1125
969,Минеральные воды,rescued,1943-01-12,44.20083,43.1125
970,Минск,occupied,1941-06-28,53.91667,27.55
971,Минск,rescued,1944-07-03,53.91667,27.55
972,Миргород,occupied,1941-09-13,49.96,33.61
973,Миргород,rescued,1943-09-18,49.96,33.61
974,Михайлов,occupied,1941-11-24,54.14,39.02
975,Михайлов,rescued,1941-12-07,54.14,39.02
976,Могилев,occupied,1941-07-26,53.91667,30.35
977,Могилев,rescued,1944-06-28,53.91667,30.35
978,Могилев-Подольский,occupied,1941-07-19,48.27,27.47
979,Могилев-Подольский,rescued,1944-03-19,48.27,27.47
980,Можайск,occupied,1941-10-18,55.5,36.03333
981,Можайск,rescued,1942-01-20,55.5,36.03333
982,Моздок,occupied,1942-08-25,43.74722,44.65694
983,Моздок,rescued,1943-01-03,43.74722,44.65694
984,Мозырь,occupied,1941-08-22,52.05,29.23333
985,Мозырь,rescued,1944-01-14,52.05,29.23333
986,Молодечно,occupied,1941-06-26,54.31361,26.85167
987,Молодечно,rescued,1944-07-05,54.31361,26.85167
988,Молочанск,occupied,1941-10-05,47.203786227815,35.598546504217
989,Молочанск,rescued,1943-09-21,47.203786227815,35.598546504217
990,Морозовск,occupied,1942-07-15,48.35,41.83333
991,Морозовск,rescued,1943-01-05,48.35,41.83333
992,Мосальск,occupied,1941-10-06,54.48333,34.98333
993,Мосальск,rescued,1942-01-08,54.48333,34.98333
994,Моспино,occupied,1941-10-24,47.87833,38.06444
995,Моспино,rescued,1943-09-06,47.87833,38.06444
996,Мостиска,occupied,1941-06-25,49.79417,23.1525
997,Мостиска,rescued,1944-07-24,49.79417,23.1525
998,Великие Мосты,occupied,1941-06-27,50.1424,24.0822
999,Великие Мосты,rescued,1944-07-18,50.1424,24.0822
1000,Мстиславль,occupied,1941-07-14,54.01667,31.71667
1001,Мстиславль,rescued,1943-09-28,54.01667,31.71667
1002,Муствеэ,occupied,1941-07-25,58.85,26.95
1003,Муствеэ,rescued,1944-09-19,58.85,26.95
1004,Мценск,occupied,1941-10-11,53.27833,36.575
1005,Мценск,rescued,1943-07-20,53.27833,36.575
1006,Мыйзакюла,occupied,1941-07-07,58.08333,25.18333
1007,Мыйзакюла,rescued,1944-09-25,58.08333,25.18333
1008,Нальчик,occupied,1942-10-28,43.485259,43.607072
1009,Нальчик,rescued,1943-01-04,43.485259,43.607072
1010,Нарва,occupied,1941-08-17,59.36667,28.18333
1011,Нарва,rescued,1944-07-26,59.36667,28.18333
1013,Кудиркос-Науместис,rescued,1944-10-16,54.463,22.52
1014,Невель,occupied,1941-07-16,56.01667,29.93333
1015,Невель,rescued,1943-10-06,56.01667,29.93333
1016,Невинномысск,occupied,1942-08-07,44.63333,41.93333
1017,Невинномысск,rescued,1943-01-20,44.63333,41.93333
1018,Нежин,occupied,1941-09-13,51.05,31.9
1019,Нежин,rescued,1943-09-15,51.05,31.9
1020,Несвиж,occupied,1941-06-28,53.21667,26.66667
1021,Несвиж,rescued,1944-07-04,53.21667,26.66667
1022,Львовская область,occupied,1941-07-01,49.7175,23.95028
1023,Львовская область,rescued,1944-07-29,49.7175,23.95028
1024,Николаевская область,occupied,1941-08-17,47.43,31.8
1025,Николаевская область,rescued,1944-03-28,47.43,31.8
1026,Никополь,occupied,1941-08-17,47.3438,34.2127
1027,Никополь,rescued,1944-02-08,47.3438,34.2127
1028,Новгород,occupied,1941-08-19,58.525,31.275
1029,Новгород,rescued,1944-01-20,58.525,31.275
1030,Новгород-Северский,occupied,1941-08-26,51.59,33.16
1031,Новгород-Северский,rescued,1943-09-16,51.59,33.16
1032,Светловодск,occupied,1941-08-07,49.05028,33.22722
1033,Светловодск,rescued,1943-12-02,49.05028,33.22722
1034,Новоград-Волынский,occupied,1941-07-10,50.35,27.38
1035,Новоград-Волынский,rescued,1944-01-03,50.35,27.38
1036,Новогрудок,occupied,1941-07-04,53.58333,25.81667
1037,Новогрудок,rescued,1944-07-08,53.58333,25.81667
1038,Новозыбков,occupied,1941-08-16,52.53333,31.93333
1039,Новозыбков,rescued,1943-09-25,52.53333,31.93333
1040,Новомосковск,occupied,1941-09-27,48.3758,35.1326
1041,Новомосковск,rescued,1943-09-22,48.3758,35.1326
1042,Новоржев,occupied,1941-07-17,57.03333,29.33333
1043,Новоржев,rescued,1944-02-29,57.03333,29.33333
1044,Новоселица,occupied,1941-07-05,48.21667,26.26667
1045,Новоселица,rescued,1944-03-31,48.21667,26.26667
1046,Новосиль,occupied,1941-11-13,52.96667,37.05
1047,Новосиль,rescued,1941-12-27,52.96667,37.05
1048,Новосокольники,occupied,1941-07-25,56.33333,30.15
1049,Новосокольники,rescued,1944-01-29,56.33333,30.15
1050,Новоукраинка,occupied,1941-08-05,48.1856,31.3137
1051,Новоукраинка,rescued,1944-03-17,48.1856,31.3137
1052,Новочеркасск,occupied,1942-07-22,47.43583,40.09861
1053,Новочеркасск,rescued,1943-02-13,47.43583,40.09861
1054,Новошахтинск,occupied,1942-07-21,47.76667,39.91667
1055,Новошахтинск,rescued,1943-02-13,47.76667,39.91667
1056,Новоэкономическое,occupied,1941-10-19,48.194,37.1955
1057,Новоэкономическое,rescued,1943-09-07,48.194,37.1955
1058,Новый Буг,occupied,1941-08-14,47.41,32.3
1059,Новый Буг,rescued,1944-03-08,47.41,32.3
1060,Новый Оскол,occupied,1942-07-03,50.46,37.52
1061,Новый Оскол,rescued,1943-01-28,50.46,37.52
1062,Обоянь,occupied,1941-11-16,51.21111,36.27639
1063,Обоянь,rescued,1943-02-18,51.21111,36.27639
1064,Овруч,occupied,1941-08-22,51.32444,28.80806
1065,Овруч,rescued,1943-11-18,51.32444,28.80806
1066,Огре,occupied,1941-07-01,56.81694,24.60472
1067,Огре,rescued,1944-10-08,56.81694,24.60472
1068,Олонец,occupied,1941-09-06,60.98333,32.96667
1069,Олонец,rescued,1944-06-25,60.98333,32.96667
1070,Опочка,occupied,1941-07-08,56.71667,28.65
1071,Опочка,rescued,1944-07-15,56.71667,28.65
1072,Оргеев,occupied,1941-07-15,47.38306,28.82306
1073,Оргеев,rescued,1944-04-06,47.38306,28.82306
1074,Енакиево,occupied,1941-10-31,48.23111,38.20528
1075,Енакиево,rescued,1943-09-03,48.23111,38.20528
1076,Орел,occupied,1941-10-03,52.58,36.05
1077,Орел,rescued,1943-08-05,52.58,36.05
1078,Орехов,occupied,1941-10-04,47.3404,35.4706
1079,Орехов,rescued,1943-09-19,47.3404,35.4706
1080,Орша,occupied,1941-07-16,54.5,30.4
1081,Орша,rescued,1944-06-27,54.5,30.4
1082,Бердянск,occupied,1941-10-07,46.759787424073,36.784501356212
1083,Бердянск,rescued,1943-09-17,46.759787424073,36.784501356212
1084,Осиповичи,occupied,1941-06-30,53.3,28.65
1085,Осиповичи,rescued,1944-06-28,53.3,28.65
1086,Остров,occupied,1941-07-06,57.2,28.21
1087,Остров,rescued,1944-07-21,57.2,28.21
1088,Острог,occupied,1941-06-30,50.2,26.31
1089,Острог,rescued,1944-01-27,50.2,26.31
1090,Острогожск,occupied,1942-07-05,50.86667,39.06667
1091,Острогожск,rescued,1943-01-20,50.86667,39.06667
1092,Острополь,occupied,1941-07-09,49.80639,27.55639
1093,Острополь,rescued,1944-03-05,49.80639,27.55639
1094,Отепя,occupied,1941-07-07,58.05722,26.49833
1095,Отепя,rescued,1944-08-23,58.05722,26.49833
1096,Очаков,occupied,1941-08-21,46.61861,31.53917
1097,Очаков,rescued,1944-03-30,46.61861,31.53917
1098,Ошмяны,occupied,1941-06-26,54.41667,25.91667
1099,Ошмяны,rescued,1944-07-07,54.41667,25.91667
1100,Пайде,occupied,1941-08-03,58.88333,25.56667
1101,Пайде,rescued,1944-09-22,58.88333,25.56667
1103,Паланга,rescued,1944-10-10,55.91667,21.06389
1104,Палдиски,occupied,1941-08-28,59.35,24.05
1105,Палдиски,rescued,1944-09-24,59.35,24.05
1106,Паневежис,occupied,1941-06-29,55.725,24.36389
1107,Паневежис,rescued,1944-07-22,55.725,24.36389
1108,Панкратово,occupied,1941-07-15,47.5145,31.0908
1109,Панкратово,rescued,1943-08-13,47.5145,31.0908
1110,Перевальск,occupied,1942-07-13,48.43333,38.81667
1111,Перевальск,rescued,1943-09-02,48.43333,38.81667
1112,Ворошиловградская область,occupied,1942-07-12,48.92,39.02
1113,Ворошиловградская область,rescued,1943-09-03,48.92,39.02
1114,Николаевская область,occupied,1941-08-03,47.43,31.8
1115,Николаевская область,rescued,1944-03-22,47.43,31.8
1116,Перемышляны,occupied,1941-07-01,49.67,24.55944
1117,Перемышляны,rescued,1944-07-20,49.67,24.55944
1118,Петродворец,occupied,1941-09-23,59.88333,29.9
1119,Петродворец,rescued,1944-01-19,59.88333,29.9
1120,Петриков,occupied,1941-07-29,52.13333,28.5
1121,Петриков,rescued,1944-06-29,52.13333,28.5
1122,Петрозаводск,occupied,1941-10-02,61.79611,34.34917
1123,Петрозаводск,rescued,1944-06-28,61.79611,34.34917
1124,Печоры,occupied,1941-07-10,57.81667,27.6
1125,Печоры,rescued,1944-08-14,57.81667,27.6
1126,Пилтене,occupied,1941-07-01,57.22556,21.67611
1127,Пилтене,rescued,1945-05-10,57.22556,21.67611
1128,Пинск,occupied,1941-07-05,52.11667,26.08333
1129,Пинск,rescued,1944-07-14,52.11667,26.08333
1130,Пирятин,occupied,1941-09-18,50.240595467142,32.509299411314
1131,Пирятин,rescued,1943-09-18,50.240595467142,32.509299411314
1132,Питкяранта,occupied,1941-07-17,61.56667,31.48333
1133,Питкяранта,rescued,1944-07-10,61.56667,31.48333
1134,Плунге,occupied,1941-06-24,55.91667,21.85
1135,Плунге,rescued,1944-10-08,55.91667,21.85
1136,Плявиняс,occupied,1941-06-29,56.61611,25.72167
1137,Плявиняс,rescued,1944-09-17,56.61611,25.72167
1138,Пологи,occupied,1941-10-05,47.479576923285,36.261083114618
1139,Пологи,rescued,1943-09-17,47.479576923285,36.261083114618
1140,Полонное,occupied,1941-07-05,50.11667,27.51667
1141,Полонное,rescued,1944-01-09,50.11667,27.51667
1142,Полоцк,occupied,1941-07-16,55.48333,28.8
1143,Полоцк,rescued,1944-07-04,55.48333,28.8
1144,Полтава,occupied,1941-09-18,49.57444,34.56861
1145,Полтава,rescued,1943-09-23,49.57444,34.56861
1146,Попасная,occupied,1941-11-18,48.63333,38.38
1147,Попасная,rescued,1943-09-03,48.63333,38.38
1148,Порхов,occupied,1941-07-11,57.76667,29.55
1149,Порхов,rescued,1944-02-26,57.76667,29.55
1150,Поставы,occupied,1941-07-06,55.11667,26.83333
1151,Поставы,rescued,1944-07-05,55.11667,26.83333
1152,Почеп,occupied,1941-08-22,52.93333,33.45
1153,Почеп,rescued,1943-09-21,52.93333,33.45
1154,Починок,occupied,1941-07-17,54.24,32.27
1155,Починок,rescued,1943-09-16,54.24,32.27
1156,Прейли,occupied,1941-07-01,56.29417,26.72472
1157,Прейли,rescued,1944-07-28,56.29417,26.72472
1158,Прилуки,occupied,1941-09-17,50.6,32.4
1159,Прилуки,rescued,1943-09-18,50.6,32.4
1160,Хмельницкий,occupied,1941-07-08,49.2512,27.0
1161,Хмельницкий,rescued,1944-03-25,49.2512,27.0
1162,Прохладный,occupied,1942-08-31,43.750055,44.033333
1163,Прохладный,rescued,1943-01-05,43.750055,44.033333
1164,Пружаны,occupied,1941-06-23,52.55667,24.46444
1165,Пружаны,rescued,1944-07-16,52.55667,24.46444
1166,Псков,occupied,1941-07-09,57.81667,28.33333
1167,Псков,rescued,1944-07-23,57.81667,28.33333
1168,Пустошка,occupied,1941-07-16,56.33333,29.36667
1169,Пустошка,rescued,1944-02-27,56.33333,29.36667
1170,Путивль,occupied,1941-09-11,51.334703448783,33.868636146704
1171,Путивль,rescued,1943-09-02,51.334703448783,33.868636146704
1172,Пушкин,occupied,1941-09-18,59.43,30.25
1173,Пушкин,rescued,1944-01-24,59.43,30.25
1174,Пылтсамаа,occupied,1941-07-11,58.65,25.96667
1175,Пылтсамаа,rescued,1944-09-21,58.65,25.96667
1176,Пярну,occupied,1941-07-09,58.38472,24.51861
1177,Пярну,rescued,1944-09-23,58.38472,24.51861
1178,Пятигорск,occupied,1942-08-10,44.0499664,43.0600548
1179,Пятигорск,rescued,1943-01-11,44.0499664,43.0600548
1180,Пятихатки,occupied,1941-08-13,48.2445,33.4212
1181,Пятихатки,rescued,1943-10-19,48.2445,33.4212
1182,Рава-Русская,occupied,1941-06-27,50.1314,23.3721
1183,Рава-Русская,rescued,1944-07-20,50.1314,23.3721
1184,Радвилишкис,occupied,1941-06-26,55.8,23.55
1185,Радвилишкис,rescued,1944-07-26,55.8,23.55
1187,Радехов,rescued,1944-07-16,50.28278,24.6375
1188,Раздельная,occupied,1941-08-10,46.84861,30.07917
1189,Раздельная,rescued,1944-04-04,46.84861,30.07917
1190,Раквере,occupied,1941-08-07,59.35,26.35
1191,Раквере,rescued,1944-09-20,59.35,26.35
1192,Резекне,occupied,1941-07-04,56.50667,27.33083
1193,Резекне,rescued,1944-07-27,56.50667,27.33083
1194,Рени,occupied,1941-07-19,45.45,28.28333
1195,Рени,rescued,1944-08-26,45.45,28.28333
1196,Речица,occupied,1941-08-23,52.36389,30.39472
1197,Речица,rescued,1943-11-17,52.36389,30.39472
1198,Ржев,occupied,1941-10-14,56.2655833,34.3275694
1199,Ржев,rescued,1943-03-03,56.2655833,34.3275694
1200,Рибшево,occupied,1941-07-15,55.2547,32.0659
1201,Рибшево,rescued,1943-09-15,55.2547,32.0659
1202,Юрмала,occupied,1941-06-29,56.97222,23.79694
1203,Юрмала,rescued,1944-10-17,56.97222,23.79694
1204,Ровеньки,occupied,1942-07-20,48.08333,39.36667
1205,Ровеньки,rescued,1943-02-17,48.08333,39.36667
1206,Ровно,occupied,1941-06-28,50.61972,26.25139
1207,Ровно,rescued,1944-02-02,50.61972,26.25139
1208,Рогатин,occupied,1941-07-02,49.25,24.37
1209,Рогатин,rescued,1944-07-23,49.25,24.37
1210,Рокишкис,occupied,1941-06-27,55.9615778,25.5807028
1211,Рокишкис,rescued,1944-07-31,55.9615778,25.5807028
1212,Ромны,occupied,1941-09-10,50.742812790184,33.487908121222
1213,Ромны,rescued,1943-09-16,50.742812790184,33.487908121222
1214,Ромодан,occupied,1941-09-13,49.994874945457,33.330730713701
1215,Ромодан,rescued,1943-09-18,49.994874945457,33.330730713701
1216,Ропша,occupied,1941-09-15,59.729413,29.86239
1217,Ропша,rescued,1944-01-19,59.729413,29.86239
1218,Рославль,occupied,1941-08-03,53.94917,32.85694
1219,Рославль,rescued,1943-09-25,53.94917,32.85694
1220,Россошь,occupied,1942-07-07,50.2,39.58333
1221,Россошь,rescued,1943-01-16,50.2,39.58333
1222,Рубежное,occupied,1942-07-10,49.01667,38.36667
1223,Рубежное,rescued,1943-01-31,49.01667,38.36667
1224,Рудки,occupied,1941-06-28,49.65306,23.48806
1225,Рудки,rescued,1944-07-26,49.65306,23.48806
1226,Рудня,occupied,1941-07-14,54.57,31.04
1227,Рудня,rescued,1943-09-29,54.57,31.04
1228,Руиена,occupied,1941-07-05,57.89694,25.32611
1229,Руиена,rescued,1944-09-24,57.89694,25.32611
1232,Рыбница,occupied,1941-08-05,47.76639,29.00111
1233,Рыбница,rescued,1944-03-30,47.76639,29.00111
1234,Рыльск,occupied,1941-10-05,51.56667,34.68333
1235,Рыльск,rescued,1943-08-31,51.56667,34.68333
1236,Сабиле,occupied,1941-07-03,57.04583,22.57278
1237,Сабиле,rescued,1945-05-09,57.04583,22.57278
1238,Салацгрива,occupied,1941-07-04,57.74944,24.35861
1239,Салацгрива,rescued,1944-09-25,57.74944,24.35861
1240,Салдус,occupied,1941-06-29,56.66667,22.49361
1241,Салдус,rescued,1945-05-08,56.66667,22.49361
1242,Сальск,occupied,1942-07-31,46.48333,41.53333
1243,Сальск,rescued,1943-01-22,46.48333,41.53333
1244,Самбор,occupied,1941-06-29,49.51667,23.2
1245,Самбор,rescued,1944-08-07,49.51667,23.2
1246,Сарны,occupied,1941-07-08,51.32694,26.63306
1247,Сарны,rescued,1944-01-11,51.32694,26.63306
1248,Сватово,occupied,1942-07-09,49.40917,38.16194
1249,Сватово,rescued,1943-01-31,49.40917,38.16194
1252,Себеж,occupied,1941-07-09,56.28333,28.48333
1253,Себеж,rescued,1944-07-17,56.28333,28.48333
1254,Севастополь,occupied,1942-07-03,44.6,33.53333
1255,Севастополь,rescued,1944-05-09,44.6,33.53333
1256,Сенно,occupied,1941-07-05,54.8,29.7
1257,Сенно,rescued,1944-06-25,54.8,29.7
1258,Серафимович,occupied,1942-08-03,49.35,42.44
1259,Серафимович,rescued,1942-08-27,49.35,42.44
1260,Кадиевка,occupied,1942-07-12,48.54722,38.63611
1261,Кадиевка,rescued,1943-09-03,48.54722,38.63611
1262,Сигулда,occupied,1941-07-03,57.15389,24.85444
1263,Сигулда,rescued,1944-10-07,57.15389,24.85444
1264,Симферополь,occupied,1941-11-01,44.94806,34.10417
1265,Симферополь,rescued,1944-04-13,44.94806,34.10417
1266,Синди,occupied,1941-07-09,58.2402,24.4003
1267,Синди,rescued,1944-09-23,58.2402,24.4003
1268,Синельниково,occupied,1941-10-02,48.31778,35.51194
1269,Синельниково,rescued,1943-09-21,48.31778,35.51194
1270,Скалат,occupied,1941-07-05,49.43333,25.98333
1271,Скалат,rescued,1944-03-21,49.43333,25.98333
1272,Славута,occupied,1941-07-04,50.30278,26.86833
1273,Славута,rescued,1944-01-15,50.30278,26.86833
1274,Слоним,occupied,1941-06-26,53.08333,25.31667
1275,Слоним,rescued,1944-07-10,53.08333,25.31667
1276,Павловск,occupied,1941-09-17,59.41,30.26
1277,Павловск,rescued,1944-01-24,59.41,30.26
1278,Слуцк,occupied,1941-06-26,53.01667,27.55
1279,Слуцк,rescued,1944-06-30,53.01667,27.55
1280,Смела,occupied,1941-08-04,49.21667,31.86667
1281,Смела,rescued,1944-01-29,49.21667,31.86667
1282,Смилтене,occupied,1941-07-04,57.42417,25.90639
1283,Смилтене,rescued,1944-09-23,57.42417,25.90639
1284,Смоленск,occupied,1941-07-16,54.78278,32.04528
1285,Смоленск,rescued,1943-09-25,54.78278,32.04528
1286,Сморгонь,occupied,1941-06-25,54.48361,26.4
1287,Сморгонь,rescued,1944-07-04,54.48361,26.4
1288,Снежное,occupied,1941-10-31,48.01667,38.76667
1289,Снежное,rescued,1943-09-01,48.01667,38.76667
1290,Снятын,occupied,1941-07-06,48.45,25.56667
1291,Снятын,rescued,1944-03-29,48.45,25.56667
1293,Сокаль,rescued,1944-07-19,50.48333,24.28333
1294,Солнечногорск,occupied,1941-11-23,56.18444,36.995
1295,Солнечногорск,rescued,1941-12-12,56.18444,36.995
1296,Сороки,occupied,1941-07-15,48.0921,28.1751
1297,Сороки,rescued,1944-03-17,48.0921,28.1751
1298,Сортавала,occupied,1941-08-15,61.7,30.66667
1299,Сортавала,rescued,1944-09-24,61.7,30.66667
1300,Спас-Деменск,occupied,1941-10-04,54.2435,34.0108
1301,Спас-Деменск,rescued,1943-08-13,54.2435,34.0108
1302,Донецк,occupied,1941-10-21,48.00889,37.8
1303,Донецк,rescued,1943-09-08,48.00889,37.8
1304,Новомосковск,occupied,1941-11-22,54.02,38.16
1305,Новомосковск,rescued,1941-12-11,54.02,38.16
1306,Ивано-франковск,occupied,1941-07-02,48.92278,24.71056
1307,Ивано-франковск,rescued,1944-07-27,48.92278,24.71056
1308,Старая Русса,occupied,1941-08-09,57.59,31.21
1309,Старая Русса,rescued,1944-02-18,57.59,31.21
1310,Старица,occupied,1941-10-12,56.31,34.56
1311,Старица,rescued,1942-01-01,56.31,34.56
1312,Старобельск,occupied,1942-07-12,49.26667,38.91667
1313,Старобельск,rescued,1943-01-23,49.26667,38.91667
1314,Стародуб,occupied,1941-08-18,52.58333,32.76667
1315,Стародуб,rescued,1943-09-22,52.58333,32.76667
1316,Староконстантинов,occupied,1941-07-08,49.75556,27.22083
1317,Староконстантинов,rescued,1944-03-09,49.75556,27.22083
1318,Старые Дороги,occupied,1941-06-28,53.0222,28.1554
1319,Старые Дороги,rescued,1944-06-28,53.0222,28.1554
1320,Старый Крым,occupied,1941-11-02,45.0145,35.0519
1321,Старый Крым,rescued,1944-04-13,45.0145,35.0519
1322,Старый Самбор,occupied,1941-06-30,49.26,23.0
1323,Старый Самбор,rescued,1944-08-08,49.26,23.0
1324,Столбцы,occupied,1941-06-28,53.48333,26.73333
1325,Столбцы,rescued,1944-07-02,53.48333,26.73333
1326,Столин,occupied,1941-07-12,51.88333,26.85
1327,Столин,rescued,1944-07-07,51.88333,26.85
1328,Сторожинец,occupied,1941-07-04,48.15972,25.715
1329,Сторожинец,rescued,1944-03-29,48.15972,25.715
1330,Стренчи,occupied,1941-07-04,57.62722,25.685
1331,Стренчи,rescued,1944-09-24,57.62722,25.685
1332,Стрый,occupied,1941-07-01,49.15,23.51
1333,Стрый,rescued,1944-08-05,49.15,23.51
1334,Субате,occupied,1941-06-28,56.00361,25.90556
1335,Субате,rescued,1944-07-31,56.00361,25.90556
1336,Суджа,occupied,1941-10-18,51.190694,35.27083
1337,Суджа,rescued,1943-03-03,51.190694,35.27083
1338,Судовая вишня,occupied,1941-06-27,49.78917,23.37222
1339,Судовая вишня,rescued,1944-07-24,49.78917,23.37222
1340,Сумы,occupied,1941-10-10,50.906799260254,34.799235424162
1341,Сумы,rescued,1943-09-02,50.906799260254,34.799235424162
1342,Суоярви,occupied,1941-08-21,62.08333,32.36667
1343,Суоярви,rescued,1944-07-13,62.08333,32.36667
1344,Сураж,occupied,1941-08-17,53.01667,32.4
1345,Сураж,rescued,1943-09-25,53.01667,32.4
1346,Сууре-Яани,occupied,1941-07-11,58.32,25.28
1347,Сууре-Яани,rescued,1944-09-23,58.32,25.28
1348,Сухиничи,occupied,1941-10-07,54.1,35.35
1349,Сухиничи,rescued,1942-01-29,54.1,35.35
1350,Сычевка,occupied,1941-10-10,55.83333,34.28333
1351,Сычевка,rescued,1943-03-08,55.83333,34.28333
1352,Таганрог,occupied,1941-10-17,47.23917,38.88333
1353,Таганрог,rescued,1943-08-30,47.23917,38.88333
1354,Талсы,occupied,1941-07-03,57.24472,22.58889
1355,Талсы,rescued,1945-05-09,57.24472,22.58889
1356,Тальное,occupied,1941-07-29,48.8862861,30.7027056
1357,Тальное,rescued,1944-03-09,48.8862861,30.7027056
1358,Тапа,occupied,1941-08-04,59.16,25.57
1359,Тапа,rescued,1944-09-21,59.16,25.57
1360,Тернополь,occupied,1941-07-03,49.56667,25.6
1361,Тернополь,rescued,1944-04-14,49.56667,25.6
1362,Тарту,occupied,1941-07-24,58.36667,26.71667
1363,Тарту,rescued,1944-08-25,58.36667,26.71667
1364,Таруса,occupied,1941-10-24,54.71667,37.18333
1365,Таруса,rescued,1941-12-19,54.71667,37.18333
1367,Таураге,rescued,1944-10-10,55.25139,22.29028
1368,Тельшяй,occupied,1941-06-25,55.98611,22.25278
1369,Тельшяй,rescued,1944-10-08,55.98611,22.25278
1370,Темрюк,occupied,1942-08-24,45.26667,37.38333
1371,Темрюк,rescued,1943-09-27,45.26667,37.38333
1372,Тирасполь,occupied,1941-08-08,46.84028,29.64333
1373,Тирасполь,rescued,1944-04-12,46.84028,29.64333
1374,Тихвин,occupied,1941-11-08,59.644213,33.542105
1375,Тихвин,rescued,1941-12-09,59.644213,33.542105
1376,Тихорецк,occupied,1942-08-05,45.85,40.11667
1377,Тихорецк,rescued,1943-01-30,45.85,40.11667
1378,Торопец,occupied,1941-08-29,56.5,31.63333
1379,Торопец,rescued,1942-01-21,56.5,31.63333
1380,Тосно,occupied,1941-08-28,59.541179,30.875006
1381,Тосно,rescued,1944-01-26,59.541179,30.875006
1382,Тракай,occupied,1941-06-24,54.63333,24.93333
1383,Тракай,rescued,1944-07-12,54.63333,24.93333
1384,Теребовля,occupied,1941-07-05,49.3,25.7
1385,Теребовля,rescued,1944-03-22,49.3,25.7
1386,Трубчевск,occupied,1941-10-09,52.58333,33.76667
1387,Трубчевск,rescued,1943-09-18,52.58333,33.76667
1388,Тульчин,occupied,1941-07-23,48.67444,28.84972
1389,Тульчин,rescued,1944-03-15,48.67444,28.84972
1390,Турка,occupied,1941-06-27,49.0916,23.0148
1391,Турка,rescued,1944-09-26,49.0916,23.0148
1392,Тырва,occupied,1941-07-07,58,25.91667
1393,Тырва,rescued,1944-09-19,58,25.91667
1394,Тюри,occupied,1941-07-25,58.48,25.25
1395,Тюри,rescued,1944-09-22,58.48,25.25
1396,Узловая,occupied,1941-11-21,53.9791417,38.1600833
1397,Узловая,rescued,1941-12-14,53.9791417,38.1600833
1398,Укмерге,occupied,1941-06-24,55.26667,24.75
1399,Укмерге,rescued,1944-07-24,55.26667,24.75
1400,Унгены,occupied,1941-07-02,47.20417,27.79583
1401,Унгены,rescued,1944-08-22,47.20417,27.79583
1402,Унеча,occupied,1941-08-17,52.85,32.68333
1403,Унеча,rescued,1943-09-23,52.85,32.68333
1404,Урицк,occupied,1941-09-19,59.5,30.11
1405,Урицк,rescued,1944-01-20,59.5,30.11
1406,Устилуг,occupied,1941-06-23,50.86,24.15
1407,Устилуг,rescued,1944-07-21,50.86,24.15
1408,Утена,occupied,1941-06-25,55.5,25.60278
1409,Утена,rescued,1944-07-09,55.5,25.60278
1410,Высоцк,occupied,1941-08-26,60.625604,28.568277
1411,Высоцк,rescued,1944-06-27,60.625604,28.568277
1412,Фалешты,occupied,1941-07-04,47.57361,27.70917
1413,Фалешты,rescued,1944-03-27,47.57361,27.70917
1414,Фастов,occupied,1941-07-21,50.07472,29.91806
1415,Фастов,rescued,1943-11-07,50.07472,29.91806
1416,Фатеж,occupied,1941-10-22,52.08944,35.85889
1417,Фатеж,rescued,1943-02-07,52.08944,35.85889
1418,Хаапсалу,occupied,1941-07-09,58.95,23.53333
1419,Хаапсалу,rescued,1944-09-24,58.95,23.53333
1420,Харцызск,occupied,1941-10-23,48.03333,38.15
1421,Харцызск,rescued,1943-09-05,48.03333,38.15
1422,Херсон,occupied,1941-08-19,46.6425,32.625
1423,Херсон,rescued,1944-03-13,46.6425,32.625
1424,Хорол,occupied,1941-09-13,49.784030560289,33.258861027996
1425,Хорол,rescued,1943-09-19,49.784030560289,33.258861027996
1426,Хотин,occupied,1941-07-08,48.50778,26.485972
1427,Хотин,rescued,1944-04-03,48.50778,26.485972
1428,Хаапсалу,occupied,1941-07-09,58.95,23.53333
1429,Хаапсалу,rescued,1944-09-24,58.95,23.53333
1430,Харцызск,occupied,1941-10-23,48.03333,38.15
1431,Харцызск,rescued,1943-09-05,48.03333,38.15
1432,Херсон,occupied,1941-08-19,46.6425,32.625
1433,Херсон,rescued,1944-03-13,46.6425,32.625
1434,Хорол,occupied,1941-09-13,49.784030560289,33.258861027996
1435,Хорол,rescued,1943-09-19,49.784030560289,33.258861027996
1436,Хотин,occupied,1941-07-08,48.50778,26.485972
1437,Хотин,rescued,1944-04-03,48.50778,26.485972
1438,Цесис,occupied,1941-07-04,57.31306,25.27472
1439,Цесис,rescued,1944-09-26,57.31306,25.27472
1440,Часов Яр,occupied,1941-10-28,48.34,37.5
1441,Часов Яр,rescued,1943-09-05,48.34,37.5
1442,Червень,occupied,1941-07-02,53.70778,28.43222
1443,Червень,rescued,1944-07-02,53.70778,28.43222
1444,Чериков,occupied,1941-07-17,53.56667,31.36667
1445,Чериков,rescued,1943-10-01,53.56667,31.36667
1446,Черкассы,occupied,1941-08-22,49.44444,32.05972
1447,Черкассы,rescued,1943-12-14,49.44444,32.05972
1448,Черкесск,occupied,1942-08-11,44.213888,42.04431
1449,Черкесск,rescued,1943-01-17,44.213888,42.04431
1450,Чернигов,occupied,1941-09-09,51.5,31.3
1451,Чернигов,rescued,1943-09-21,51.5,31.3
1452,Чернобыль,occupied,1941-08-26,51.26667,30.21667
1453,Чернобыль,rescued,1943-11-16,51.26667,30.21667
1454,Черновцы,occupied,1941-07-05,48.29083,25.93444
1455,Черновцы,rescued,1944-03-29,48.29083,25.93444
1456,Чортков,occupied,1941-07-06,49.01667,25.8
1457,Чортков,rescued,1944-03-23,49.01667,25.8
1458,Торез,occupied,1941-10-31,48.0124,38.3745
1459,Торез,rescued,1943-09-02,48.0124,38.3745
1460,Чудово,occupied,1941-08-20,59.12806,31.65917
1461,Чудово,rescued,1944-01-29,59.12806,31.65917
1463,Шакяй,rescued,1944-10-10,54.95556,23.04444
1464,Шяуляй,occupied,1941-06-26,55.92806,23.31667
1465,Шяуляй,rescued,1944-07-27,55.92806,23.31667
1466,Шахты,occupied,1942-07-21,47.7122111,40.2083694
1467,Шахты,rescued,1943-02-12,47.7122111,40.2083694
1468,Швенчёнеляй,occupied,1941-06-26,55.16667,26
1469,Швенчёнеляй,rescued,1944-07-08,55.16667,26
1470,Швенчёнис,occupied,1941-06-27,55.13333,26.15556
1471,Швенчёнис,rescued,1944-07-07,55.13333,26.15556
1472,Шебекино,occupied,1942-06-14,50.40778,36.89694
1473,Шебекино,rescued,1943-02-09,50.40778,36.89694
1474,Шедува,occupied,1941-06-26,55.76667,23.75
1475,Шедува,rescued,1944-07-26,55.76667,23.75
1476,Шепетовка,occupied,1941-07-05,50.18333,27.06667
1477,Шепетовка,rescued,1944-02-11,50.18333,27.06667
1478,Шклов,occupied,1941-07-12,54.20833,30.28694
1479,Шклов,rescued,1944-06-27,54.20833,30.28694
1480,Петрокрепость,occupied,1941-09-08,59.5739,31.0143
1481,Петрокрепость,rescued,1943-01-18,59.5739,31.0143
1482,Шостка,occupied,1941-08-27,51.863015738937,33.489988774516
1483,Шостка,rescued,1943-09-03,51.863015738937,33.489988774516
1484,Шпола,occupied,1941-07-31,49,31.39
1485,Шпола,rescued,1944-01-27,49,31.39
1486,Шумское,occupied,1941-07-02,50.11944,26.11667
1487,Шумское,rescued,1944-02-26,50.11944,26.11667
1488,Щекино,occupied,1941-10-28,54,37.51667
1489,Щекино,rescued,1941-12-17,54,37.51667
1490,Щигры,occupied,1941-11-21,51.88111,36.90306
1491,Щигры,rescued,1943-02-05,51.88111,36.90306
1492,Щорс,occupied,1941-09-03,51.49,31.57
1493,Щорс,rescued,1943-09-21,51.49,31.57
1494,Элиста,occupied,1942-08-12,46.31667,44.26667
1495,Элиста,rescued,1942-12-31,46.31667,44.26667
1496,Элва,occupied,1941-07-10,58.23333,26.41667
1497,Элва,rescued,1944-08-25,58.23333,26.41667
1498,Светогорск,occupied,1941-08-21,61.10833,28.85833
1499,Светогорск,rescued,1944-09-24,61.10833,28.85833
1501,Юрбаркас,rescued,1944-10-09,55.077876092073,22.775606513463
1502,Юхнов,occupied,1941-10-05,54.75,35.23333
1503,Юхнов,rescued,1942-03-05,54.75,35.23333
1504,Яворов,occupied,1941-06-26,49.94694,23.39306
1505,Яворов,rescued,1944-07-23,49.94694,23.39306
1506,Ясиноватая,occupied,1941-10-22,48.11667,37.83333
1507,Ясиноватая,rescued,1943-09-07,48.11667,37.83333
1508,Яунелгава,occupied,1941-07-01,56.6175,25.08139
1509,Яунелгава,rescued,1944-09-18,56.6175,25.08139
1510,Наро-Фоминск,occupied,1941-10-22,55.23,36.44
1511,Наро-Фоминск,rescued,1941-12-26,55.23,36.44
1512,Одесса,occupied,1941-10-16,46.48611,30.72778
1513,Одесса,rescued,1944-04-10,46.48611,30.72778
1514,Умань,occupied,1941-07-30,48.75,30.21667
1515,Умань,rescued,1944-03-10,48.75,30.21667
1517,Смалининкай,rescued,1944-10-09,55.075,22.57778
1518,Биржай,occupied,1941-06-27,56.2,24.75
1519,Биржай,rescued,1944-07-30,56.2,24.75
1520,Тацинский,occupied,1942-07-16,48.19694,41.27306
1521,Тацинский,rescued,1942-12-24,48.19694,41.27306
